month,orders,contribution,net_rev,new_buyers,spend,blended_CAC,contribution_after_marketing,spend/net_rev
2025-07,238,6171.44,11309.51,237,3809.03,16.072,2362.41,0.337
2025-08,241,6999.46,12179.8,217,3794.08,17.484,3205.38,0.312
2025-09,304,10337.45,17333.31,259,4558.18,17.599,5779.27,0.263
2025-10,392,12484.28,21492.56,292,5537.73,18.965,6946.55,0.258
2025-11,634,16950.38,34678.99,537,11033.63,20.547,5916.75,0.318
2025-12,409,13202.02,23560.92,293,5270.36,17.988,7931.66,0.224
2026-01,389,13007.62,22442.66,251,5053.01,20.132,7954.61,0.225
2026-02,387,13856.14,23498.42,279,5784.23,20.732,8071.91,0.246
2026-03,514,16732.74,29965.6,375,8008.47,21.356,8724.27,0.267
2026-04,466,15568.06,26466.94,332,7645.74,23.029,7922.32,0.289
2026-05,510,16688.99,28985.51,376,8069.52,21.461,8619.47,0.278
2026-06,522,18982.78,31570.52,380,7454.5,19.617,11528.28,0.236
