month,gross,discounts,paid_units,orders,persons,first_time_orders,refunds_by_order_month,refunds_by_return_month,net_rev_order_basis,net_rev_cash_basis,disc_rate,refund_rate_order_basis,aov_after_disc,units_per_order,first_time_share
2025-07,13881.0,1837.02,397,238,237,237,734.47,394.62,11309.51,11649.36,0.1323,0.061,50.605,1.6681,0.9958
2025-08,14074.0,1422.85,403,241,238,217,471.35,691.3,12179.8,11959.85,0.1011,0.0373,52.4944,1.6722,0.9004
2025-09,18884.0,1044.27,553,304,302,259,506.42,359.05,17333.31,17480.68,0.0553,0.0284,58.6833,1.8191,0.852
2025-10,24149.0,1273.94,688,392,385,292,1382.5,1020.72,21492.56,21854.34,0.0528,0.0604,58.3547,1.7551,0.7449
2025-11,48142.0,10368.73,1308,634,633,537,3094.28,1342.97,34678.99,36430.3,0.2154,0.0819,59.5793,2.0631,0.847
2025-12,27613.0,2990.76,782,409,402,293,1061.32,3004.98,23560.92,21617.26,0.1083,0.0431,60.2011,1.912,0.7164
2026-01,25465.0,1998.19,728,389,385,251,1024.15,1066.55,22442.66,22400.26,0.0785,0.0436,60.326,1.8715,0.6452
2026-02,26065.0,1370.98,726,387,384,279,1195.6,997.0,23498.42,23697.02,0.0526,0.0484,63.8088,1.876,0.7209
2026-03,36126.0,4271.44,976,514,511,375,1888.96,1510.51,29965.6,30344.05,0.1182,0.0593,61.9739,1.8988,0.7296
2026-04,29475.0,1563.51,847,466,464,332,1444.55,1582.3,26466.94,26329.19,0.053,0.0518,59.8959,1.8176,0.7124
2026-05,32941.0,2424.76,933,510,507,376,1530.73,1583.83,28985.51,28932.41,0.0736,0.0502,59.8358,1.8294,0.7373
2026-06,34248.0,1857.44,960,522,517,380,820.04,1600.54,31570.52,30790.02,0.0542,0.0253,62.0509,1.8391,0.728
