return_id,order_id,order_item_id,product_id,return_date,reason,quantity_returned,refund_amount,refund_type,return_method,return_shipping_cost,restocked,replacement_sent,reason_clean,order_date,days_to_return,date_invalid,is_valid
RET-00001,1002,500003,P11,2025-07-15,damaged_leaked,1,22.4,full,returnless_refund,0.0,False,False,damaged_leaked,2025-07-01,14,False,True
RET-00002,1030,500046,P12,2025-07-16,not_as_expected,1,67.2,full,returnless_refund,0.0,False,False,not_as_expected,2025-07-05,11,False,True
RET-00003,1050,500076,P04,2025-07-16,Not As Expected,1,27.2,full,returnless_refund,0.0,False,False,not_as_expected,2025-07-08,8,False,True
RET-00004,1051,500078,P04,2025-07-19,changed_mind,1,27.2,full,shipped_back,0.0,True,False,changed_mind,2025-07-08,11,False,True
RET-00005,1059,500090,P03,2025-07-23,Not As Expected,1,34.0,full,returnless_refund,0.0,False,False,not_as_expected,2025-07-09,14,False,True
RET-00006,1142,500212,P12,2025-07-24,changed_mind,1,57.12,full,returnless_refund,0.0,False,False,changed_mind,2025-07-19,5,False,True
RET-00007,1024,500038,P04,2025-07-26,not_as_expected,1,34.0,full,returnless_refund,0.0,False,False,not_as_expected,2025-07-04,22,False,True
RET-00008,1176,500264,P04,2025-07-28,no_visible_results,1,30.6,full,returnless_refund,0.0,False,False,no_visible_results,2025-07-23,5,False,True
RET-00009,1134,500199,P12,2025-07-29,changed_mind,1,35.7,partial,shipped_back,0.0,True,False,changed_mind,2025-07-18,11,False,True
RET-00010,1162,500238,P03,2025-07-30,damaged_leaked,1,27.2,full,returnless_refund,0.0,False,False,damaged_leaked,2025-07-21,9,False,True
RET-00011,1165,500244,P07,2025-07-30,damaged_leaked,1,32.0,full,returnless_refund,0.0,False,False,damaged_leaked,2025-07-21,9,False,True
RET-00012,1083,500131,P05,2025-08-01,changed_mind,1,29.0,full,shipped_back,0.0,True,False,changed_mind,2025-07-11,21,False,True
RET-00013,1086,500135,P07,2025-08-05,not_as_expected,1,27.2,full,returnless_refund,0.0,False,False,not_as_expected,2025-07-12,24,False,True
RET-00014,1126,500186,P02,2025-08-06,irritation_breakout,1,19.2,full,returnless_refund,0.0,False,False,irritation_breakout,2025-07-17,20,False,True
RET-00015,1180,500268,P05,2025-08-06,not_as_expected,1,29.0,full,returnless_refund,0.0,False,False,not_as_expected,2025-07-24,13,False,True
RET-00016,1206,500310,P05,2025-08-06,wrong_item,1,24.65,full,shipped_back,6.7,True,False,wrong_item,2025-07-27,10,False,True
RET-00017,1143,500213,P01,2025-08-08,irritation_breakout,1,17.6,full,shipped_back,0.0,False,False,irritation_breakout,2025-07-19,20,False,True
RET-00018,1222,500336,P01,2025-08-09,not_as_expected,1,22.0,full,shipped_back,0.0,False,False,not_as_expected,2025-07-29,11,False,True
RET-00019,1273,500411,P03,2025-08-09,Changed Mind,1,34.0,full,shipped_back,0.0,False,False,changed_mind,2025-08-05,4,False,True
RET-00020,1258,500387,P03,2025-08-14,not_as_expected,1,27.2,full,returnless_refund,0.0,False,False,not_as_expected,2025-08-03,11,False,True
RET-00021,1063,500096,P01,2025-08-15,changed_mind,1,17.6,full,returnless_refund,0.0,False,False,changed_mind,2025-07-09,37,False,True
RET-00022,1292,500446,P04,2025-08-16,irritation_breakout,1,34.0,full,returnless_refund,0.0,False,False,irritation_breakout,2025-08-08,8,False,True
RET-00023,1314,500482,P01,2025-08-16,changed_mind,1,17.6,full,returnless_refund,0.0,False,False,changed_mind,2025-08-11,5,False,True
RET-00024,1221,500334,P06,2025-08-18,irritation_breakout,1,35.2,full,returnless_refund,0.0,False,False,irritation_breakout,2025-07-29,20,False,True
RET-00025,1232,500352,P02,2025-08-18,irritation_breakout,1,24.0,full,returnless_refund,0.0,False,False,irritation_breakout,2025-07-30,19,False,True
RET-00026,1342,500529,P03,2025-08-21,wrong_item,1,34.0,full,shipped_back,6.5,True,False,wrong_item,2025-08-14,7,False,True
RET-00027,1322,500493,P03,2025-08-22,no_visible_results,1,34.0,full,returnless_refund,0.0,False,False,no_visible_results,2025-08-11,11,False,True
RET-00028,1195,500291,P12,2025-08-23,not_as_expected,1,67.2,full,returnless_refund,0.0,False,False,not_as_expected,2025-07-26,28,False,True
RET-00029,1357,500551,P03,2025-08-24,not_as_expected,1,14.45,partial,returnless_refund,0.0,False,False,not_as_expected,2025-08-15,9,False,True
RET-00030,1088,500137,P07,2025-08-26,changed_mind,1,27.2,full,shipped_back,0.0,True,False,changed_mind,2025-07-12,45,False,True
RET-00031,1338,500523,P10,2025-08-26,irritation_breakout,1,20.8,full,returnless_refund,0.0,False,False,irritation_breakout,2025-08-13,13,False,True
RET-00032,1391,500606,P12,2025-08-27,wrong_item,1,71.4,full,shipped_back,8.55,True,False,wrong_item,2025-08-19,8,False,True
RET-00033,1353,500545,P06,2025-08-29,wrong_item,1,35.2,full,shipped_back,7.39,True,False,wrong_item,2025-08-15,14,False,True
RET-00034,1404,500627,P07,2025-08-29,not_as_expected,1,28.8,full,returnless_refund,0.0,False,False,not_as_expected,2025-08-20,9,False,True
RET-00035,1397,500615,P07,2025-09-01,irritation_breakout,1,32.0,full,returnless_refund,0.0,False,False,irritation_breakout,2025-08-19,13,False,True
RET-00036,1440,500674,P11,2025-09-02,damaged_leaked,1,0.0,replacement,returnless_refund,0.0,False,True,damaged_leaked,2025-08-26,7,False,True
RET-00037,1261,500394,P05,2025-09-03,not_as_expected,1,14.5,partial,returnless_refund,0.0,False,False,not_as_expected,2025-08-03,31,False,True
RET-00038,1370,500569,P03,2025-09-05,irritation_breakout,1,28.9,full,returnless_refund,0.0,False,False,irritation_breakout,2025-08-17,19,False,True
RET-00039,1253,500380,P11,2025-09-09,irritation_breakout,1,22.4,full,returnless_refund,0.0,False,False,irritation_breakout,2025-08-02,38,False,True
RET-00040,1508,500774,P05,2025-09-14,irritation_breakout,1,24.65,full,returnless_refund,0.0,False,False,irritation_breakout,2025-09-03,11,False,True
RET-00041,1548,500836,P03,2025-09-17,damaged_leaked,1,0.0,replacement,returnless_refund,0.0,False,True,damaged_leaked,2025-09-07,10,False,True
RET-00042,1572,500882,P06,2025-09-18,irritation_breakout,1,39.6,full,returnless_refund,0.0,False,False,irritation_breakout,2025-09-09,9,False,True
RET-00043,1498,500758,P04,2025-09-19,not_as_expected,1,28.9,full,returnless_refund,0.0,False,False,not_as_expected,2025-09-02,17,False,True
RET-00044,1619,500965,P01,2025-09-19,not_as_expected,1,18.7,full,returnless_refund,0.0,False,False,not_as_expected,2025-09-14,5,False,True
RET-00045,1603,500939,P11,2025-09-21,not_as_expected,1,28.0,full,shipped_back,0.0,False,False,not_as_expected,2025-09-12,9,False,True
RET-00046,1737,501168,P06,2025-09-28,irritation_breakout,1,37.4,full,returnless_refund,0.0,False,False,irritation_breakout,2025-09-25,3,False,True
RET-00047,1718,501133,P12,2025-09-29,no_visible_results,1,84.0,full,shipped_back,0.0,False,False,no_visible_results,2025-09-24,5,False,True
RET-00048,1700,501102,P05,2025-10-01,Irritation Breakout,1,24.65,full,returnless_refund,0.0,False,False,irritation_breakout,2025-09-22,9,False,True
RET-00049,1616,500960,P01,2025-10-03,damaged_leaked,1,18.7,full,returnless_refund,0.0,False,False,damaged_leaked,2025-09-13,20,False,True
RET-00050,1701,501103,P05,2025-10-03,irritation_breakout,1,12.32,partial,returnless_refund,0.0,False,False,irritation_breakout,2025-09-22,11,False,True
RET-00051,1427,500660,P10,2025-10-05,changed_mind,1,22.1,full,shipped_back,0.0,True,False,changed_mind,2025-08-24,42,False,True
RET-00052,1803,501262,P03,2025-10-06,no_visible_results,1,34.0,full,returnless_refund,0.0,False,False,no_visible_results,2025-10-01,5,False,True
RET-00053,1738,501169,P05,2025-10-08,not_as_expected,1,14.5,partial,returnless_refund,0.0,False,False,not_as_expected,2025-09-25,13,False,True
RET-00054,1478,500729,P10,2025-10-09,damaged_leaked,1,0.0,replacement,returnless_refund,0.0,False,True,damaged_leaked,2025-08-31,39,False,True
RET-00055,1556,500849,P06,2025-10-09,changed_mind,1,37.4,full,shipped_back,0.0,True,False,changed_mind,2025-09-07,32,False,True
RET-00056,1672,501056,P03,2025-10-10,damaged_leaked,1,34.0,full,shipped_back,6.28,False,False,damaged_leaked,2025-09-19,21,False,True
RET-00057,1777,501228,P03,2025-10-10,not_as_expected,1,28.9,full,shipped_back,0.0,False,False,not_as_expected,2025-09-29,11,False,True
RET-00058,1807,501273,P11,2025-10-10,Changed Mind,1,23.8,full,returnless_refund,0.0,False,False,changed_mind,2025-10-01,9,False,True
RET-00059,1871,501379,P03,2025-10-12,damaged_leaked,1,0.0,replacement,returnless_refund,0.0,False,True,damaged_leaked,2025-10-07,5,False,True
RET-00060,1856,501350,P06,2025-10-14,changed_mind,1,44.0,full,shipped_back,0.0,False,False,changed_mind,2025-10-05,9,False,True
RET-00061,1732,501157,P06,2025-10-16,Irritation Breakout,1,22.0,partial,returnless_refund,0.0,False,False,irritation_breakout,2025-09-25,21,False,True
RET-00062,1753,501195,P03,2025-10-16,not_as_expected,1,34.0,full,shipped_back,0.0,False,False,not_as_expected,2025-09-27,19,False,True
RET-00063,1799,501257,P06,2025-10-16,not_as_expected,1,37.4,full,returnless_refund,0.0,False,False,not_as_expected,2025-10-01,15,False,True
RET-00064,1862,501361,P03,2025-10-16,damaged_leaked,1,30.6,full,returnless_refund,0.0,False,False,damaged_leaked,2025-10-06,10,False,True
RET-00065,1689,501085,P01,2025-10-17,irritation_breakout,1,18.7,full,returnless_refund,0.0,False,False,irritation_breakout,2025-09-20,27,False,True
RET-00066,1829,501311,P03,2025-10-18,not_as_expected,1,30.6,full,returnless_refund,0.0,False,False,not_as_expected,2025-10-03,15,False,True
RET-00067,1816,501289,P03,2025-10-19,irritation_breakout,1,34.0,full,returnless_refund,0.0,False,False,irritation_breakout,2025-10-02,17,False,True
RET-00068,1838,501326,P03,2025-10-19,no_visible_results,1,34.0,full,returnless_refund,0.0,False,False,no_visible_results,2025-10-04,15,False,True
RET-00069,1961,501526,P12,2025-10-19,no_visible_results,1,84.0,full,returnless_refund,0.0,False,False,no_visible_results,2025-10-13,6,False,True
RET-00070,1916,501446,P03,2025-10-20,irritation_breakout,1,34.0,full,returnless_refund,0.0,False,False,irritation_breakout,2025-10-10,10,False,True
RET-00071,1929,501470,P03,2025-10-20,wrong_item,1,34.0,full,shipped_back,9.55,False,False,wrong_item,2025-10-11,9,False,True
RET-00072,2019,501616,P09,2025-10-25,irritation_breakout,1,30.0,full,returnless_refund,0.0,False,False,irritation_breakout,2025-10-18,7,False,True
RET-00073,1808,501274,P08,2025-10-26,no_visible_results,1,36.0,full,returnless_refund,0.0,False,False,no_visible_results,2025-10-01,25,False,True
RET-00074,1833,501319,P06,2025-10-26,irritation_breakout,1,39.6,full,returnless_refund,0.0,False,False,irritation_breakout,2025-10-03,23,False,True
RET-00075,1946,501499,P08,2025-10-26,not_as_expected,1,36.0,full,returnless_refund,0.0,False,False,not_as_expected,2025-10-12,14,False,True
RET-00076,2014,501608,P06,2025-10-26,changed_mind,1,44.0,full,returnless_refund,0.0,False,False,changed_mind,2025-10-18,8,False,True
RET-00077,1944,501497,P12,2025-10-28,changed_mind,1,84.0,full,returnless_refund,0.0,False,False,changed_mind,2025-10-12,16,False,True
RET-00078,1913,501440,P10,2025-10-31,damaged_leaked,1,19.45,full,returnless_refund,0.0,False,False,damaged_leaked,2025-10-10,21,False,True
RET-00079,2089,501722,P06,2025-10-31,changed_mind,1,44.0,full,shipped_back,0.0,True,False,changed_mind,2025-10-23,8,False,True
RET-00080,1831,501316,P06,2025-11-01,wrong_item,1,22.0,partial,shipped_back,7.27,False,False,wrong_item,2025-10-03,29,False,True
RET-00081,2122,501773,P12,2025-11-05,changed_mind,1,71.4,full,returnless_refund,0.0,False,False,changed_mind,2025-10-26,10,False,True
RET-00082,2138,501804,P12,2025-11-05,irritation_breakout,1,75.6,full,returnless_refund,0.0,False,False,irritation_breakout,2025-10-27,9,False,True
RET-00083,1947,501501,P06,2025-11-06,damaged_leaked,1,44.0,full,shipped_back,5.89,False,False,damaged_leaked,2025-10-12,25,False,True
RET-00084,1979,501555,P06,2025-11-07,irritation_breakout,1,44.0,full,returnless_refund,0.0,False,False,irritation_breakout,2025-10-14,24,False,True
RET-00085,2048,501660,P06,2025-11-07,not_as_expected,1,37.4,full,returnless_refund,0.0,False,False,not_as_expected,2025-10-20,18,False,True
RET-00086,2102,501741,P07,2025-11-08,not_as_expected,1,27.2,full,returnless_refund,0.0,False,False,not_as_expected,2025-10-24,15,False,True
RET-00087,2128,501780,P06,2025-11-09,irritation_breakout,1,44.0,full,returnless_refund,0.0,False,False,irritation_breakout,2025-10-26,14,False,True
RET-00088,1830,501313,P03,2025-11-10,changed_mind,1,34.0,full,shipped_back,0.0,False,False,changed_mind,2025-10-03,38,False,True
RET-00089,2129,501781,P06,2025-11-10,irritation_breakout,1,44.0,full,returnless_refund,0.0,False,False,irritation_breakout,2025-10-26,15,False,True
RET-00090,2192,501896,P12,2025-11-10,not_as_expected,1,84.0,full,returnless_refund,0.0,False,False,not_as_expected,2025-11-01,9,False,True
RET-00091,2210,501928,P06,2025-11-10,no_visible_results,1,37.4,full,returnless_refund,0.0,False,False,no_visible_results,2025-11-03,7,False,True
RET-00092,2208,501923,P03,2025-11-12,damaged_leaked,1,28.9,full,returnless_refund,0.0,False,False,damaged_leaked,2025-11-03,9,False,True
RET-00093,2232,501967,P06,2025-11-14,no_visible_results,1,44.0,full,returnless_refund,0.0,False,False,no_visible_results,2025-11-05,9,False,True
RET-00094,1853,501345,P03,2025-11-15,changed_mind,1,30.6,full,shipped_back,0.0,False,False,changed_mind,2025-10-05,41,False,True
RET-00095,2126,501777,P03,2025-11-15,not_as_expected,1,28.9,full,returnless_refund,0.0,False,False,not_as_expected,2025-10-26,20,False,True
RET-00096,2126,501778,P10,2025-11-15,Irritation Breakout,1,22.1,full,returnless_refund,0.0,False,False,irritation_breakout,2025-10-26,20,False,True
RET-00097,2200,501905,P10,2025-11-15,damaged_leaked,1,13.0,partial,returnless_refund,0.0,False,False,damaged_leaked,2025-11-02,13,False,True
RET-00098,2276,502050,P03,2025-11-16,changed_mind,1,28.9,full,returnless_refund,0.0,False,False,changed_mind,2025-11-09,7,False,True
RET-00099,2304,502103,P03,2025-11-17,Not As Expected,1,28.9,full,returnless_refund,0.0,False,False,not_as_expected,2025-11-13,4,False,True
RET-00100,2239,501978,P03,2025-11-19,not_as_expected,1,14.45,partial,returnless_refund,0.0,False,False,not_as_expected,2025-11-06,13,False,True
RET-00101,2244,501994,P12,2025-11-22,damaged_leaked,1,0.0,replacement,returnless_refund,0.0,False,True,damaged_leaked,2025-11-06,16,False,True
RET-00102,2044,501655,P11,2025-11-23,changed_mind,1,28.0,full,shipped_back,0.0,True,False,changed_mind,2025-10-20,34,False,True
RET-00103,2065,501685,P10,2025-11-23,irritation_breakout,1,11.05,partial,returnless_refund,0.0,False,False,irritation_breakout,2025-10-21,33,False,True
RET-00104,2163,501849,P07,2025-11-23,irritation_breakout,1,28.8,full,returnless_refund,0.0,False,False,irritation_breakout,2025-10-29,25,False,True
RET-00105,2324,502139,P12,2025-11-23,damaged_leaked,1,84.0,full,returnless_refund,0.0,False,False,damaged_leaked,2025-11-15,8,False,True
RET-00106,2286,502073,P06,2025-11-26,not_as_expected,1,37.4,full,returnless_refund,0.0,False,False,not_as_expected,2025-11-11,15,False,True
RET-00107,2317,502124,P06,2025-11-26,changed_mind,1,44.0,full,returnless_refund,0.0,False,False,changed_mind,2025-11-14,12,False,True
RET-00108,2326,502142,P12,2025-11-27,not_as_expected,1,75.6,full,shipped_back,0.0,False,False,not_as_expected,2025-11-15,12,False,True
RET-00109,2347,502180,P08,2025-11-28,wrong_item,1,32.4,full,shipped_back,7.5,False,False,wrong_item,2025-11-17,11,False,True
RET-00110,2502,502518,P06,2025-11-29,irritation_breakout,1,30.8,full,returnless_refund,0.0,False,False,irritation_breakout,2025-11-25,4,False,True
RET-00111,2416,502300,P12,2025-11-30,damaged_leaked,1,49.98,full,returnless_refund,0.0,False,False,damaged_leaked,2025-11-24,6,False,True
RET-00112,2490,502484,P03,2025-11-30,changed_mind,1,23.8,full,shipped_back,0.0,False,False,changed_mind,2025-11-25,5,False,True
RET-00113,2510,502539,P11,2025-11-30,not_as_expected,1,19.6,full,returnless_refund,0.0,False,False,not_as_expected,2025-11-25,5,False,True
RET-00114,2523,502565,P06,2025-11-30,irritation_breakout,1,30.8,full,returnless_refund,0.0,False,False,irritation_breakout,2025-11-25,5,False,True
RET-00115,2390,502251,P03,2025-12-01,irritation_breakout,1,28.9,full,returnless_refund,0.0,False,False,irritation_breakout,2025-11-22,9,False,True
RET-00116,2637,502835,P06,2025-12-01,irritation_breakout,1,15.4,partial,returnless_refund,0.0,False,False,irritation_breakout,2025-11-27,4,False,True
RET-00117,2373,502226,P06,2025-12-02,irritation_breakout,1,37.4,full,returnless_refund,0.0,False,False,irritation_breakout,2025-11-20,12,False,True
RET-00118,2423,502324,P12,2025-12-02,not_as_expected,1,58.8,full,returnless_refund,0.0,False,False,not_as_expected,2025-11-24,8,False,True
RET-00119,2525,502569,P12,2025-12-02,not_as_expected,1,58.8,full,returnless_refund,0.0,False,False,not_as_expected,2025-11-25,7,False,True
RET-00120,2340,502168,P03,2025-12-03,not_as_expected,1,34.0,full,returnless_refund,0.0,False,False,not_as_expected,2025-11-17,16,False,True
RET-00121,2408,502282,P03,2025-12-03,no_visible_results,1,23.8,full,returnless_refund,0.0,False,False,no_visible_results,2025-11-24,9,False,True
RET-00122,2409,502286,P12,2025-12-03,changed_mind,1,58.8,full,returnless_refund,0.0,False,False,changed_mind,2025-11-24,9,False,True
RET-00123,2438,502364,P10,2025-12-03,Not As Expected,1,26.0,full,returnless_refund,0.0,False,False,not_as_expected,2025-11-24,9,False,True
RET-00124,2493,502493,P01,2025-12-03,irritation_breakout,1,15.4,full,returnless_refund,0.0,False,False,irritation_breakout,2025-11-25,8,False,True
RET-00125,2501,502516,P12,2025-12-03,Not As Expected,1,58.8,full,returnless_refund,0.0,False,False,not_as_expected,2025-11-25,8,False,True
RET-00126,2507,502530,P06,2025-12-03,not_as_expected,1,30.8,full,returnless_refund,0.0,False,False,not_as_expected,2025-11-25,8,False,True
RET-00127,2658,502877,P06,2025-12-03,no_visible_results,1,26.18,full,returnless_refund,0.0,False,False,no_visible_results,2025-11-27,6,False,True
RET-00128,2407,502281,P09,2025-12-04,damaged_leaked,1,0.0,replacement,returnless_refund,0.0,False,True,damaged_leaked,2025-11-24,10,False,True
RET-00129,2552,502631,P03,2025-12-04,irritation_breakout,1,23.8,full,returnless_refund,0.0,False,False,irritation_breakout,2025-11-26,8,False,True
RET-00130,2576,502696,P05,2025-12-04,not_as_expected,1,20.3,full,returnless_refund,0.0,False,False,not_as_expected,2025-11-26,8,False,True
RET-00131,2579,502701,P03,2025-12-04,not_as_expected,1,23.8,full,returnless_refund,0.0,False,False,not_as_expected,2025-11-26,8,False,True
RET-00132,2760,503106,P07,2025-12-04,irritation_breakout,2,44.8,full,returnless_refund,0.0,False,False,irritation_breakout,2025-11-29,5,False,True
RET-00133,2152,501830,P08,2025-12-05,not_as_expected,1,36.0,full,returnless_refund,0.0,False,False,not_as_expected,2025-10-28,38,False,True
RET-00134,2509,502536,P12,2025-12-05,damaged_leaked,1,0.0,replacement,shipped_back,7.06,False,True,damaged_leaked,2025-11-25,10,False,True
RET-00135,2574,502692,P06,2025-12-05,irritation_breakout,1,30.8,full,shipped_back,0.0,False,False,irritation_breakout,2025-11-26,9,False,True
RET-00136,2461,502419,P05,2025-12-06,no_visible_results,1,20.3,full,returnless_refund,0.0,False,False,no_visible_results,2025-11-24,12,False,True
RET-00137,2479,502461,P06,2025-12-06,no_visible_results,1,30.8,full,returnless_refund,0.0,False,False,no_visible_results,2025-11-25,11,False,True
RET-00138,2540,502599,P09,2025-12-06,changed_mind,1,10.5,partial,shipped_back,0.0,True,False,changed_mind,2025-11-25,11,False,True
RET-00139,2566,502673,P03,2025-12-06,damaged_leaked,1,23.8,full,returnless_refund,0.0,False,False,damaged_leaked,2025-11-26,10,False,True
RET-00140,2633,502824,P06,2025-12-06,Irritation Breakout,1,15.4,partial,returnless_refund,0.0,False,False,irritation_breakout,2025-11-27,9,False,True
RET-00141,2770,503133,P03,2025-12-06,irritation_breakout,1,20.23,full,returnless_refund,0.0,False,False,irritation_breakout,2025-11-30,6,False,True
RET-00142,2855,503314,P01,2025-12-06,changed_mind,1,15.4,full,shipped_back,0.0,False,False,changed_mind,2025-12-01,5,False,True
RET-00143,2714,503003,P07,2025-12-07,changed_mind,1,22.4,full,returnless_refund,0.0,False,False,changed_mind,2025-11-28,9,False,True
RET-00144,2723,503020,P11,2025-12-07,damaged_leaked,1,0.0,replacement,returnless_refund,0.0,False,True,damaged_leaked,2025-11-29,8,False,True
RET-00145,2724,503023,P03,2025-12-07,wrong_item,1,23.8,full,shipped_back,7.25,True,False,wrong_item,2025-11-29,8,False,True
RET-00146,2796,503185,P05,2025-12-07,not_as_expected,1,20.3,full,returnless_refund,0.0,False,False,not_as_expected,2025-11-30,7,False,True
RET-00147,2453,502400,P12,2025-12-08,No Visible Results,1,58.8,full,returnless_refund,0.0,False,False,no_visible_results,2025-11-24,14,False,True
RET-00148,2611,502773,P10,2025-12-08,no_visible_results,1,18.2,full,returnless_refund,0.0,False,False,no_visible_results,2025-11-27,11,False,True
RET-00149,2701,502969,P07,2025-12-08,not_as_expected,1,22.4,full,shipped_back,0.0,False,False,not_as_expected,2025-11-28,10,False,True
RET-00150,2821,503238,P06,2025-12-08,no_visible_results,1,30.8,full,shipped_back,0.0,False,False,no_visible_results,2025-11-30,8,False,True
RET-00151,2862,503331,P03,2025-12-08,Not As Expected,1,23.8,full,shipped_back,0.0,False,False,not_as_expected,2025-12-01,7,False,True
RET-00152,2478,502458,P12,2025-12-09,not_as_expected,1,58.8,full,returnless_refund,0.0,False,False,not_as_expected,2025-11-25,14,False,True
RET-00153,2491,502485,P07,2025-12-09,not_as_expected,1,22.4,full,returnless_refund,0.0,False,False,not_as_expected,2025-11-25,14,False,True
RET-00154,2559,502656,P06,2025-12-09,not_as_expected,1,30.8,full,returnless_refund,0.0,False,False,not_as_expected,2025-11-26,13,False,True
RET-00155,2564,502667,P12,2025-12-09,irritation_breakout,1,58.8,full,returnless_refund,0.0,False,False,irritation_breakout,2025-11-26,13,False,True
RET-00156,2805,503205,P06,2025-12-09,damaged_leaked,1,30.8,full,returnless_refund,0.0,False,False,damaged_leaked,2025-11-30,9,False,True
RET-00157,2408,502283,P06,2025-12-10,damaged_leaked,1,0.0,replacement,returnless_refund,0.0,False,True,damaged_leaked,2025-11-24,16,False,True
RET-00158,2557,502649,P06,2025-12-10,irritation_breakout,2,61.6,full,returnless_refund,0.0,False,False,irritation_breakout,2025-11-26,14,False,True
RET-00159,2690,502942,P06,2025-12-10,irritation_breakout,1,30.8,full,returnless_refund,0.0,False,False,irritation_breakout,2025-11-28,12,False,True
RET-00160,2417,502305,P04,2025-12-11,Not As Expected,1,23.8,full,returnless_refund,0.0,False,False,not_as_expected,2025-11-24,17,False,True
RET-00161,2459,502415,P05,2025-12-11,not_as_expected,1,10.15,partial,returnless_refund,0.0,False,False,not_as_expected,2025-11-24,17,False,True
RET-00162,2497,502505,P06,2025-12-11,damaged_leaked,1,0.0,replacement,returnless_refund,0.0,False,True,damaged_leaked,2025-11-25,16,False,True
RET-00163,2742,503061,P12,2025-12-11,changed_mind,1,58.8,full,returnless_refund,0.0,False,False,changed_mind,2025-11-29,12,False,True
RET-00164,2467,502435,P06,2025-12-12,damaged_leaked,1,30.8,full,returnless_refund,0.0,False,False,damaged_leaked,2025-11-25,17,False,True
RET-00165,2822,503242,P07,2025-12-12,irritation_breakout,1,22.4,full,shipped_back,0.0,False,False,irritation_breakout,2025-11-30,12,False,True
RET-00166,2854,503310,P06,2025-12-12,Irritation Breakout,1,15.4,partial,returnless_refund,0.0,False,False,irritation_breakout,2025-12-01,11,False,True
RET-00167,2412,502291,P07,2025-12-13,changed_mind,1,22.4,full,shipped_back,0.0,True,False,changed_mind,2025-11-24,19,False,True
RET-00168,2506,502529,P05,2025-12-13,Not As Expected,1,20.3,full,returnless_refund,0.0,False,False,not_as_expected,2025-11-25,18,False,True
RET-00169,2827,503256,P03,2025-12-13,no_visible_results,2,47.6,full,returnless_refund,0.0,False,False,no_visible_results,2025-11-30,13,False,True
RET-00170,2342,502173,P12,2025-12-14,changed_mind,1,75.6,full,returnless_refund,0.0,False,False,changed_mind,2025-11-17,27,False,True
RET-00171,2710,502990,P10,2025-12-14,changed_mind,1,18.2,full,shipped_back,0.0,True,False,changed_mind,2025-11-28,16,False,True
RET-00172,2782,503155,P06,2025-12-14,not_as_expected,1,30.8,full,returnless_refund,0.0,False,False,not_as_expected,2025-11-30,14,False,True
RET-00173,2823,503246,P10,2025-12-14,no_visible_results,1,18.2,full,returnless_refund,0.0,False,False,no_visible_results,2025-11-30,14,False,True
RET-00174,2548,502620,P03,2025-12-15,no_visible_results,1,28.9,full,returnless_refund,0.0,False,False,no_visible_results,2025-11-26,19,False,True
RET-00175,2588,502721,P08,2025-12-15,not_as_expected,1,25.2,full,returnless_refund,0.0,False,False,not_as_expected,2025-11-26,19,False,True
RET-00176,2837,503273,P08,2025-12-15,Not As Expected,1,25.2,full,returnless_refund,0.0,False,False,not_as_expected,2025-12-01,14,False,True
RET-00177,2706,502978,P04,2025-12-16,not_as_expected,1,23.8,full,returnless_refund,0.0,False,False,not_as_expected,2025-11-28,18,False,True
RET-00178,2712,502999,P01,2025-12-16,not_as_expected,1,15.4,full,returnless_refund,0.0,False,False,not_as_expected,2025-11-28,18,False,True
RET-00179,2726,503030,P12,2025-12-16,irritation_breakout,1,58.8,full,returnless_refund,0.0,False,False,irritation_breakout,2025-11-29,17,False,True
RET-00180,2559,502657,P04,2025-12-17,changed_mind,1,23.8,full,shipped_back,0.0,True,False,changed_mind,2025-11-26,21,False,True
RET-00181,2912,503441,P06,2025-12-17,no_visible_results,1,44.0,full,returnless_refund,0.0,False,False,no_visible_results,2025-12-05,12,False,True
RET-00182,2968,503546,P12,2025-12-17,Damaged Leaked,1,71.4,full,shipped_back,7.24,False,False,damaged_leaked,2025-12-09,8,False,True
RET-00183,2496,502501,P01,2025-11-24,irritation_breakout,1,13.09,full,returnless_refund,0.0,False,False,irritation_breakout,2025-11-25,-1,True,True
RET-00184,2541,502605,P07,2025-12-18,changed_mind,1,22.4,full,shipped_back,0.0,True,False,changed_mind,2025-11-26,22,False,True
RET-00185,2958,503528,P04,2025-12-18,not_as_expected,1,28.9,full,returnless_refund,0.0,False,False,not_as_expected,2025-12-09,9,False,True
RET-00186,2996,503600,P06,2025-12-18,not_as_expected,1,37.4,full,returnless_refund,0.0,False,False,not_as_expected,2025-12-11,7,False,True
RET-00187,2623,502801,P05,2025-12-19,not_as_expected,1,20.3,full,returnless_refund,0.0,False,False,not_as_expected,2025-11-27,22,False,True
RET-00188,2735,503048,P06,2025-12-19,not_as_expected,2,61.6,full,shipped_back,0.0,False,False,not_as_expected,2025-11-29,20,False,True
RET-00189,2919,503451,P12,2025-12-19,changed_mind,1,71.4,full,shipped_back,0.0,False,False,changed_mind,2025-12-05,14,False,True
RET-00190,2631,502817,P11,2025-12-21,Irritation Breakout,1,9.8,partial,returnless_refund,0.0,False,False,irritation_breakout,2025-11-27,24,False,True
RET-00191,2705,502976,P06,2025-12-21,not_as_expected,1,30.8,full,returnless_refund,0.0,False,False,not_as_expected,2025-11-28,23,False,True
RET-00192,2708,502981,P04,2025-12-21,irritation_breakout,1,23.8,full,returnless_refund,0.0,False,False,irritation_breakout,2025-11-28,23,False,True
RET-00193,2403,502272,P06,2025-12-22,irritation_breakout,1,30.8,full,returnless_refund,0.0,False,False,irritation_breakout,2025-11-24,28,False,True
RET-00194,2542,502607,P05,2025-12-22,No Visible Results,1,20.3,full,returnless_refund,0.0,False,False,no_visible_results,2025-11-26,26,False,True
RET-00195,2770,503134,P01,2025-12-22,damaged_leaked,1,0.0,replacement,returnless_refund,0.0,False,True,damaged_leaked,2025-11-30,22,False,True
RET-00196,2528,502578,P07,2025-12-23,not_as_expected,1,22.4,full,returnless_refund,0.0,False,False,not_as_expected,2025-11-25,28,False,True
RET-00197,2605,502762,P08,2025-12-23,irritation_breakout,1,25.2,full,returnless_refund,0.0,False,False,irritation_breakout,2025-11-27,26,False,True
RET-00198,2687,502937,P03,2025-11-27,changed_mind,1,28.9,full,shipped_back,0.0,False,False,changed_mind,2025-11-28,-1,True,True
RET-00199,2915,503445,P07,2025-12-23,no_visible_results,1,32.0,full,returnless_refund,0.0,False,False,no_visible_results,2025-12-05,18,False,True
RET-00200,2648,502858,P06,2025-12-25,not_as_expected,1,15.4,partial,returnless_refund,0.0,False,False,not_as_expected,2025-11-27,28,False,True
RET-00201,2731,503039,P06,2025-12-25,irritation_breakout,1,30.8,full,returnless_refund,0.0,False,False,irritation_breakout,2025-11-29,26,False,True
RET-00202,2980,503569,P06,2025-12-25,not_as_expected,1,38.72,full,returnless_refund,0.0,False,False,not_as_expected,2025-12-10,15,False,True
RET-00203,3010,503636,P08,2025-12-26,no_visible_results,1,36.0,full,shipped_back,0.0,False,False,no_visible_results,2025-12-13,13,False,True
RET-00204,3111,503837,P04,2025-12-26,changed_mind,1,28.9,full,returnless_refund,0.0,False,False,changed_mind,2025-12-19,7,False,True
RET-00205,3076,503766,P10,2025-12-27,changed_mind,2,44.2,full,returnless_refund,0.0,False,False,changed_mind,2025-12-17,10,False,True
RET-00206,3093,503801,P09,2025-12-27,no_visible_results,1,25.5,full,returnless_refund,0.0,False,False,no_visible_results,2025-12-18,9,False,True
RET-00207,3162,503922,P07,2025-12-27,no_visible_results,1,27.2,full,returnless_refund,0.0,False,False,no_visible_results,2025-12-23,4,False,True
RET-00208,2594,502732,P01,2025-12-28,no_visible_results,1,15.4,full,returnless_refund,0.0,False,False,no_visible_results,2025-11-26,32,False,True
RET-00209,3099,503813,P04,2025-12-28,irritation_breakout,1,34.0,full,returnless_refund,0.0,False,False,irritation_breakout,2025-12-18,10,False,True
RET-00210,2766,503123,P06,2025-12-29,no_visible_results,1,44.0,full,returnless_refund,0.0,False,False,no_visible_results,2025-11-30,29,False,True
RET-00211,2669,502904,P06,2025-12-30,no_visible_results,1,30.8,full,returnless_refund,0.0,False,False,no_visible_results,2025-11-28,32,False,True
RET-00212,3081,503772,P06,2025-12-30,irritation_breakout,1,37.4,full,returnless_refund,0.0,False,False,irritation_breakout,2025-12-17,13,False,True
RET-00213,2378,502232,P12,2025-12-31,not_as_expected,1,75.6,full,returnless_refund,0.0,False,False,not_as_expected,2025-11-21,40,False,True
RET-00214,2880,503372,P10,2025-12-31,changed_mind,1,11.05,partial,shipped_back,0.0,True,False,changed_mind,2025-12-03,28,False,True
RET-00215,3020,503652,P03,2025-12-31,irritation_breakout,1,14.45,partial,returnless_refund,0.0,False,False,irritation_breakout,2025-12-13,18,False,True
RET-00216,3157,503912,P06,2025-12-31,irritation_breakout,1,44.0,full,returnless_refund,0.0,False,False,irritation_breakout,2025-12-23,8,False,True
RET-00217,2969,503548,P08,2026-01-02,irritation_breakout,1,30.6,full,shipped_back,0.0,False,False,irritation_breakout,2025-12-09,24,False,True
RET-00218,3105,503822,P12,2026-01-02,not_as_expected,1,71.4,full,returnless_refund,0.0,False,False,not_as_expected,2025-12-19,14,False,True
RET-00219,3215,504025,P11,2026-01-03,changed_mind,1,28.0,full,shipped_back,0.0,False,False,changed_mind,2025-12-28,6,False,True
RET-00220,2700,502967,P03,2026-01-04,irritation_breakout,1,11.9,partial,returnless_refund,0.0,False,False,irritation_breakout,2025-11-28,37,False,True
RET-00221,2643,502851,P01,2026-01-06,not_as_expected,1,18.7,full,returnless_refund,0.0,False,False,not_as_expected,2025-11-27,40,False,True
RET-00222,3120,503850,P05,2026-01-08,damaged_leaked,1,0.0,replacement,returnless_refund,0.0,False,True,damaged_leaked,2025-12-19,20,False,True
RET-00223,3123,503853,P06,2026-01-08,irritation_breakout,1,37.4,full,returnless_refund,0.0,False,False,irritation_breakout,2025-12-20,19,False,True
RET-00224,3207,504010,P07,2026-01-08,no_visible_results,1,32.0,full,returnless_refund,0.0,False,False,no_visible_results,2025-12-28,11,False,True
RET-00225,3266,504121,P02,2026-01-08,irritation_breakout,1,24.0,full,returnless_refund,0.0,False,False,irritation_breakout,2026-01-02,6,False,True
RET-00226,3128,503861,P05,2026-01-09,wrong_item,1,29.0,full,returnless_refund,0.0,False,False,wrong_item,2025-12-20,20,False,True
RET-00227,3202,504000,P03,2026-01-09,not_as_expected,1,34.0,full,shipped_back,0.0,False,False,not_as_expected,2025-12-28,12,False,True
RET-00228,2964,503539,P11,2026-01-10,damaged_leaked,1,0.0,replacement,returnless_refund,0.0,False,True,damaged_leaked,2025-12-09,32,False,True
RET-00229,3292,504164,P11,2026-01-10,damaged_leaked,1,25.2,full,returnless_refund,0.0,False,False,damaged_leaked,2026-01-04,6,False,True
RET-00230,3300,504178,P07,2026-01-11,irritation_breakout,1,32.0,full,returnless_refund,0.0,False,False,irritation_breakout,2026-01-04,7,False,True
RET-00231,2667,502896,P06,2026-01-12,irritation_breakout,1,30.8,full,returnless_refund,0.0,False,False,irritation_breakout,2025-11-28,45,False,True
RET-00232,3345,504252,P10,2026-01-12,changed_mind,1,26.0,full,shipped_back,0.0,False,False,changed_mind,2026-01-07,5,False,True
RET-00233,3347,504255,P09,2026-01-12,Changed Mind,1,30.0,full,returnless_refund,0.0,False,False,changed_mind,2026-01-07,5,False,True
RET-00234,2800,503196,P05,2026-01-14,Not As Expected,1,20.3,full,returnless_refund,0.0,False,False,not_as_expected,2025-11-30,45,False,True
RET-00235,3152,503900,P11,2026-01-14,wrong_item,1,28.0,full,shipped_back,6.52,False,False,wrong_item,2025-12-23,22,False,True
RET-00236,3329,504231,P05,2026-01-14,damaged_leaked,1,24.65,full,returnless_refund,0.0,False,False,damaged_leaked,2026-01-06,8,False,True
RET-00237,3284,504149,P04,2026-01-15,no_visible_results,1,28.9,full,shipped_back,0.0,False,False,no_visible_results,2026-01-03,12,False,True
RET-00238,3396,504334,P04,2026-01-17,irritation_breakout,2,61.2,full,returnless_refund,0.0,False,False,irritation_breakout,2026-01-11,6,False,True
RET-00239,3324,504220,P06,2026-01-18,changed_mind,1,35.2,full,returnless_refund,0.0,False,False,changed_mind,2026-01-05,13,False,True
RET-00240,3227,504054,P07,2026-01-19,no_visible_results,1,27.2,full,returnless_refund,0.0,False,False,no_visible_results,2025-12-29,21,False,True
RET-00241,3344,504250,P05,2026-01-19,changed_mind,1,29.0,full,returnless_refund,0.0,False,False,changed_mind,2026-01-07,12,False,True
RET-00242,3273,504132,P05,2026-01-20,not_as_expected,1,23.2,full,returnless_refund,0.0,False,False,not_as_expected,2026-01-02,18,False,True
RET-00243,3287,504153,P12,2026-01-21,not_as_expected,1,67.2,full,returnless_refund,0.0,False,False,not_as_expected,2026-01-03,18,False,True
RET-00244,3135,503871,P06,2026-01-24,not_as_expected,1,37.4,full,returnless_refund,0.0,False,False,not_as_expected,2025-12-21,34,False,True
RET-00245,3280,504144,P06,2026-01-24,Irritation Breakout,1,18.7,partial,returnless_refund,0.0,False,False,irritation_breakout,2026-01-03,21,False,True
RET-00246,3434,504408,P07,2026-01-24,irritation_breakout,1,32.0,full,returnless_refund,0.0,False,False,irritation_breakout,2026-01-14,10,False,True
RET-00247,3445,504427,P08,2026-01-24,damaged_leaked,1,0.0,replacement,returnless_refund,0.0,False,True,damaged_leaked,2026-01-15,9,False,True
RET-00248,3378,504304,P06,2026-01-25,no_visible_results,1,35.2,full,returnless_refund,0.0,False,False,no_visible_results,2026-01-09,16,False,True
RET-00249,3478,504479,P11,2026-01-25,damaged_leaked,1,0.0,replacement,shipped_back,7.93,False,True,damaged_leaked,2026-01-18,7,False,True
RET-00250,3496,504508,P06,2026-01-26,irritation_breakout,2,74.8,full,returnless_refund,0.0,False,False,irritation_breakout,2026-01-19,7,False,True
RET-00251,3470,504467,P08,2026-01-29,wrong_item,1,30.6,full,shipped_back,6.4,True,False,wrong_item,2026-01-18,11,False,True
RET-00252,3480,504484,P07,2026-01-29,not_as_expected,1,32.0,full,returnless_refund,0.0,False,False,not_as_expected,2026-01-18,11,False,True
RET-00253,3279,504143,P05,2026-01-30,damaged_leaked,1,0.0,replacement,returnless_refund,0.0,False,True,damaged_leaked,2026-01-03,27,False,True
RET-00254,3511,504531,P10,2026-02-01,not_as_expected,1,26.0,full,returnless_refund,0.0,False,False,not_as_expected,2026-01-21,11,False,True
RET-00255,3348,504256,P08,2026-02-02,not_as_expected,1,28.8,full,returnless_refund,0.0,False,False,not_as_expected,2026-01-07,26,False,True
RET-00256,3315,504201,P12,2026-02-06,changed_mind,1,67.2,full,shipped_back,0.0,True,False,changed_mind,2026-01-05,32,False,True
RET-00257,3463,504454,P03,2026-02-06,not_as_expected,1,38.0,full,returnless_refund,0.0,False,False,not_as_expected,2026-01-17,20,False,True
RET-00258,3546,504593,P07,2026-02-07,not_as_expected,1,28.8,full,returnless_refund,0.0,False,False,not_as_expected,2026-01-24,14,False,True
RET-00259,3559,504614,P03,2026-02-07,changed_mind,1,38.0,full,returnless_refund,0.0,False,False,changed_mind,2026-01-24,14,False,True
RET-00260,3673,504802,P10,2026-02-10,irritation_breakout,1,26.0,full,shipped_back,0.0,False,False,irritation_breakout,2026-02-03,7,False,True
RET-00261,3648,504762,P04,2026-02-11,damaged_leaked,1,0.0,replacement,returnless_refund,0.0,False,True,damaged_leaked,2026-02-01,10,False,True
RET-00262,3542,504585,P03,2026-02-13,not_as_expected,1,32.3,full,returnless_refund,0.0,False,False,not_as_expected,2026-01-24,20,False,True
RET-00263,3676,504808,P03,2026-02-13,changed_mind,1,38.0,full,shipped_back,0.0,True,False,changed_mind,2026-02-03,10,False,True
RET-00264,3595,504668,P06,2026-02-14,irritation_breakout,1,44.0,full,returnless_refund,0.0,False,False,irritation_breakout,2026-01-27,18,False,True
RET-00265,3612,504695,P11,2026-02-15,Damaged Leaked,1,0.0,replacement,shipped_back,6.67,False,True,damaged_leaked,2026-01-29,17,False,True
RET-00266,3776,504982,P10,2026-02-15,changed_mind,1,26.0,full,shipped_back,0.0,False,False,changed_mind,2026-02-09,6,False,True
RET-00267,3780,504987,P12,2026-02-15,irritation_breakout,1,88.0,full,returnless_refund,0.0,False,False,irritation_breakout,2026-02-09,6,False,True
RET-00268,3797,505014,P03,2026-02-17,damaged_leaked,1,34.2,full,returnless_refund,0.0,False,False,damaged_leaked,2026-02-10,7,False,True
RET-00269,3674,504803,P09,2026-02-18,no_visible_results,1,25.5,full,shipped_back,0.0,False,False,no_visible_results,2026-02-03,15,False,True
RET-00270,3804,505029,P06,2026-02-18,changed_mind,1,44.0,full,returnless_refund,0.0,False,False,changed_mind,2026-02-11,7,False,True
RET-00271,3685,504828,P03,2026-02-19,Changed Mind,1,38.0,full,shipped_back,0.0,True,False,changed_mind,2026-02-03,16,False,True
RET-00272,3348,504257,P12,2026-02-20,wrong_item,1,67.2,full,shipped_back,6.24,True,False,wrong_item,2026-01-07,44,False,True
RET-00273,3732,504907,P03,2026-02-20,Not As Expected,1,32.3,full,returnless_refund,0.0,False,False,not_as_expected,2026-02-07,13,False,True
RET-00274,3827,505070,P03,2026-02-22,damaged_leaked,1,0.0,replacement,shipped_back,7.42,False,True,damaged_leaked,2026-02-13,9,False,True
RET-00275,3857,505119,P07,2026-02-22,no_visible_results,1,13.6,partial,returnless_refund,0.0,False,False,no_visible_results,2026-02-15,7,False,True
RET-00276,3675,504807,P10,2026-02-24,changed_mind,2,22.1,partial,returnless_refund,0.0,False,False,changed_mind,2026-02-03,21,False,True
RET-00277,3678,504811,P02,2026-02-26,no_visible_results,1,20.4,full,returnless_refund,0.0,False,False,no_visible_results,2026-02-03,23,False,True
RET-00278,3710,504872,P03,2026-02-27,Not As Expected,1,38.0,full,returnless_refund,0.0,False,False,not_as_expected,2026-02-05,22,False,True
RET-00279,3802,505025,P07,2026-02-27,not_as_expected,1,27.2,full,returnless_refund,0.0,False,False,not_as_expected,2026-02-11,16,False,True
RET-00280,3747,504935,P03,2026-02-28,not_as_expected,1,38.0,full,returnless_refund,0.0,False,False,not_as_expected,2026-02-07,21,False,True
RET-00281,3771,504975,P06,2026-02-28,no_visible_results,1,37.4,full,returnless_refund,0.0,False,False,no_visible_results,2026-02-08,20,False,True
RET-00282,3785,504996,P04,2026-02-28,no_visible_results,1,34.0,full,returnless_refund,0.0,False,False,no_visible_results,2026-02-09,19,False,True
RET-00283,3809,505037,P06,2026-02-28,damaged_leaked,1,0.0,replacement,shipped_back,6.6,False,True,damaged_leaked,2026-02-12,16,False,True
RET-00284,3861,505128,P06,2026-02-28,irritation_breakout,1,44.0,full,shipped_back,0.0,False,False,irritation_breakout,2026-02-15,13,False,True
RET-00285,3815,505046,P12,2026-03-03,irritation_breakout,1,88.0,full,shipped_back,0.0,False,False,irritation_breakout,2026-02-12,19,False,True
RET-00286,3867,505136,P02,2026-03-03,wrong_item,1,20.4,full,shipped_back,6.21,True,False,wrong_item,2026-02-16,15,False,True
RET-00287,3985,505330,P07,2026-03-03,no_visible_results,1,32.0,full,returnless_refund,0.0,False,False,no_visible_results,2026-02-25,6,False,True
RET-00288,4000,505357,P06,2026-03-04,changed_mind,1,44.0,full,returnless_refund,0.0,False,False,changed_mind,2026-02-26,6,False,True
RET-00289,3811,505041,P03,2026-03-05,not_as_expected,1,38.0,full,returnless_refund,0.0,False,False,not_as_expected,2026-02-12,21,False,True
RET-00290,3910,505210,P04,2026-03-05,changed_mind,1,28.9,full,returnless_refund,0.0,False,False,changed_mind,2026-02-20,13,False,True
RET-00291,4000,505356,P07,2026-03-06,no_visible_results,1,32.0,full,returnless_refund,0.0,False,False,no_visible_results,2026-02-26,8,False,True
RET-00292,3847,505100,P02,2026-03-11,not_as_expected,1,24.0,full,returnless_refund,0.0,False,False,not_as_expected,2026-02-14,25,False,True
RET-00293,3862,505130,P01,2026-03-11,not_as_expected,1,18.7,full,returnless_refund,0.0,False,False,not_as_expected,2026-02-15,24,False,True
RET-00294,3687,504830,P12,2026-03-12,not_as_expected,1,74.8,full,returnless_refund,0.0,False,False,not_as_expected,2026-02-03,37,False,True
RET-00295,3958,505293,P03,2026-03-12,irritation_breakout,1,32.3,full,returnless_refund,0.0,False,False,irritation_breakout,2026-02-23,17,False,True
RET-00296,3856,505118,P12,2026-03-13,not_as_expected,1,74.8,full,returnless_refund,0.0,False,False,not_as_expected,2026-02-15,26,False,True
RET-00297,3599,504673,P02,2026-03-14,wrong_item,1,24.0,full,shipped_back,7.29,True,False,wrong_item,2026-01-28,45,False,True
RET-00298,4045,505429,P07,2026-03-14,no_visible_results,1,28.8,full,returnless_refund,0.0,False,False,no_visible_results,2026-03-01,13,False,True
RET-00299,4049,505436,P07,2026-03-14,irritation_breakout,1,27.2,full,returnless_refund,0.0,False,False,irritation_breakout,2026-03-01,13,False,True
RET-00300,4123,505562,P10,2026-03-16,no_visible_results,1,26.0,full,returnless_refund,0.0,False,False,no_visible_results,2026-03-08,8,False,True
RET-00301,4126,505568,P06,2026-03-16,irritation_breakout,1,44.0,full,returnless_refund,0.0,False,False,irritation_breakout,2026-03-09,7,False,True
RET-00302,4146,505604,P10,2026-03-17,not_as_expected,1,22.1,full,returnless_refund,0.0,False,False,not_as_expected,2026-03-11,6,False,True
RET-00303,4174,505649,P07,2026-03-17,irritation_breakout,1,16.0,partial,returnless_refund,0.0,False,False,irritation_breakout,2026-03-13,4,False,True
RET-00304,4172,505646,P12,2026-03-18,no_visible_results,1,77.44,full,returnless_refund,0.0,False,False,no_visible_results,2026-03-13,5,False,True
RET-00305,3962,505298,P05,2026-03-19,changed_mind,1,29.0,full,shipped_back,0.0,True,False,changed_mind,2026-02-23,24,False,True
RET-00306,4080,505490,P03,2026-03-19,damaged_leaked,1,0.0,replacement,shipped_back,7.56,False,True,damaged_leaked,2026-03-04,15,False,True
RET-00307,4104,505525,P07,2026-03-19,not_as_expected,1,32.0,full,returnless_refund,0.0,False,False,not_as_expected,2026-03-06,13,False,True
RET-00308,4043,505427,P12,2026-03-20,irritation_breakout,1,88.0,full,returnless_refund,0.0,False,False,irritation_breakout,2026-03-01,19,False,True
RET-00309,4204,505699,P03,2026-03-20,irritation_breakout,1,28.5,full,shipped_back,0.0,False,False,irritation_breakout,2026-03-14,6,False,True
RET-00310,4306,505881,P05,2026-03-21,no_visible_results,1,29.0,full,returnless_refund,0.0,False,False,no_visible_results,2026-03-17,4,False,True
RET-00311,4333,505929,P04,2026-03-21,no_visible_results,1,25.5,full,returnless_refund,0.0,False,False,no_visible_results,2026-03-18,3,False,True
RET-00312,4081,505492,P03,2026-03-23,not_as_expected,1,32.3,full,returnless_refund,0.0,False,False,not_as_expected,2026-03-04,19,False,True
RET-00313,4199,505690,P09,2026-03-23,irritation_breakout,1,22.5,full,returnless_refund,0.0,False,False,irritation_breakout,2026-03-14,9,False,True
RET-00314,4243,505772,P10,2026-03-24,irritation_breakout,1,16.57,full,returnless_refund,0.0,False,False,irritation_breakout,2026-03-16,8,False,True
RET-00315,4350,505958,P11,2026-03-24,no_visible_results,1,21.0,full,returnless_refund,0.0,False,False,no_visible_results,2026-03-19,5,False,True
RET-00316,4313,505891,P09,2026-03-25,not_as_expected,1,22.5,full,returnless_refund,0.0,False,False,not_as_expected,2026-03-18,7,False,True
RET-00317,4324,505913,P03,2026-03-25,not_as_expected,1,28.5,full,shipped_back,0.0,False,False,not_as_expected,2026-03-18,7,False,True
RET-00318,4395,506033,P01,2026-03-25,not_as_expected,1,16.5,full,returnless_refund,0.0,False,False,not_as_expected,2026-03-20,5,False,True
RET-00319,4196,505684,P03,2026-03-26,no_visible_results,1,14.25,partial,returnless_refund,0.0,False,False,no_visible_results,2026-03-14,12,False,True
RET-00320,4141,505596,P12,2026-03-28,Not As Expected,1,44.0,partial,returnless_refund,0.0,False,False,not_as_expected,2026-03-10,18,False,True
RET-00321,4335,505933,P07,2026-03-28,irritation_breakout,1,32.0,full,returnless_refund,0.0,False,False,irritation_breakout,2026-03-18,10,False,True
RET-00322,4380,506004,P12,2026-03-28,damaged_leaked,1,66.0,full,shipped_back,5.27,False,False,damaged_leaked,2026-03-20,8,False,True
RET-00323,4430,506096,P06,2026-03-28,irritation_breakout,2,66.0,full,returnless_refund,0.0,False,False,irritation_breakout,2026-03-21,7,False,True
RET-00324,4215,505723,P01,2026-03-29,not_as_expected,1,18.7,full,returnless_refund,0.0,False,False,not_as_expected,2026-03-14,15,False,True
RET-00325,4394,506031,P05,2026-03-30,not_as_expected,1,21.75,full,returnless_refund,0.0,False,False,not_as_expected,2026-03-20,10,False,True
RET-00326,3999,505355,P07,2026-03-31,wrong_item,1,32.0,full,shipped_back,7.71,False,False,wrong_item,2026-02-26,33,False,True
RET-00327,4095,505511,P01,2026-03-31,no_visible_results,1,22.0,full,returnless_refund,0.0,False,False,no_visible_results,2026-03-05,26,False,True
RET-00328,4199,505693,P03,2026-03-31,irritation_breakout,1,28.5,full,shipped_back,0.0,False,False,irritation_breakout,2026-03-14,17,False,True
RET-00329,4390,506021,P09,2026-03-31,damaged_leaked,1,0.0,replacement,returnless_refund,0.0,False,True,damaged_leaked,2026-03-20,11,False,True
RET-00330,4101,505521,P06,2026-04-01,not_as_expected,1,37.4,full,returnless_refund,0.0,False,False,not_as_expected,2026-03-06,26,False,True
RET-00331,4189,505670,P10,2026-04-01,irritation_breakout,1,22.1,full,returnless_refund,0.0,False,False,irritation_breakout,2026-03-14,18,False,True
RET-00332,4198,505689,P03,2026-04-02,Not As Expected,1,38.0,full,returnless_refund,0.0,False,False,not_as_expected,2026-03-14,19,False,True
RET-00333,4448,506135,P05,2026-04-02,not_as_expected,1,29.0,full,returnless_refund,0.0,False,False,not_as_expected,2026-03-22,11,False,True
RET-00334,4192,505677,P01,2026-04-03,no_visible_results,1,16.5,full,returnless_refund,0.0,False,False,no_visible_results,2026-03-14,20,False,True
RET-00335,4304,505878,P11,2026-04-03,damaged_leaked,1,0.0,replacement,returnless_refund,0.0,False,True,damaged_leaked,2026-03-17,17,False,True
RET-00336,4268,505815,P04,2026-04-04,irritation_breakout,1,25.5,full,returnless_refund,0.0,False,False,irritation_breakout,2026-03-16,19,False,True
RET-00337,4376,505996,P04,2026-04-05,Not As Expected,1,25.5,full,returnless_refund,0.0,False,False,not_as_expected,2026-03-20,16,False,True
RET-00338,4539,506290,P06,2026-04-05,irritation_breakout,1,37.4,full,returnless_refund,0.0,False,False,irritation_breakout,2026-03-30,6,False,True
RET-00339,4220,505735,P09,2026-04-06,no_visible_results,1,30.0,full,returnless_refund,0.0,False,False,no_visible_results,2026-03-15,22,False,True
RET-00340,4523,506264,P06,2026-04-06,Irritation Breakout,1,44.0,full,returnless_refund,0.0,False,False,irritation_breakout,2026-03-29,8,False,True
RET-00341,4305,505879,P12,2026-04-07,changed_mind,1,66.0,full,shipped_back,0.0,True,False,changed_mind,2026-03-17,21,False,True
RET-00342,4317,505900,P12,2026-04-07,no_visible_results,1,66.0,full,returnless_refund,0.0,False,False,no_visible_results,2026-03-18,20,False,True
RET-00343,4589,506364,P03,2026-04-07,not_as_expected,1,32.3,full,shipped_back,0.0,False,False,not_as_expected,2026-04-03,4,False,True
RET-00344,4509,506238,P04,2026-04-08,wrong_item,2,61.2,full,shipped_back,6.57,True,False,wrong_item,2026-03-28,11,False,True
RET-00345,4577,506348,P03,2026-04-08,irritation_breakout,1,17.1,partial,returnless_refund,0.0,False,False,irritation_breakout,2026-04-02,6,False,True
RET-00346,4533,506281,P06,2026-04-09,not_as_expected,1,44.0,full,returnless_refund,0.0,False,False,not_as_expected,2026-03-29,11,False,True
RET-00347,4561,506327,P06,2026-04-09,irritation_breakout,1,37.4,full,returnless_refund,0.0,False,False,irritation_breakout,2026-04-01,8,False,True
RET-00348,4100,505518,P06,2026-04-12,changed_mind,1,44.0,full,returnless_refund,0.0,False,False,changed_mind,2026-03-06,37,False,True
RET-00349,4121,505557,P11,2026-04-13,not_as_expected,1,28.0,full,returnless_refund,0.0,False,False,not_as_expected,2026-03-08,36,False,True
RET-00350,4253,505789,P05,2026-04-13,changed_mind,1,29.0,full,shipped_back,0.0,True,False,changed_mind,2026-03-16,28,False,True
RET-00351,4345,505949,P09,2026-04-13,no_visible_results,1,11.25,partial,returnless_refund,0.0,False,False,no_visible_results,2026-03-18,26,False,True
RET-00352,4386,506014,P12,2026-04-13,changed_mind,1,66.0,full,returnless_refund,0.0,False,False,changed_mind,2026-03-20,24,False,True
RET-00353,4386,506016,P05,2026-04-14,wrong_item,1,21.75,full,shipped_back,7.72,False,False,wrong_item,2026-03-20,25,False,True
RET-00354,4665,506480,P05,2026-04-15,damaged_leaked,1,29.0,full,returnless_refund,0.0,False,False,damaged_leaked,2026-04-08,7,False,True
RET-00355,4239,505764,P03,2026-04-16,changed_mind,1,28.5,full,shipped_back,0.0,True,False,changed_mind,2026-03-15,32,False,True
RET-00356,4409,506062,P03,2026-04-16,changed_mind,1,27.45,full,shipped_back,0.0,False,False,changed_mind,2026-03-21,26,False,True
RET-00357,4696,506528,P01,2026-04-17,changed_mind,1,22.0,full,shipped_back,0.0,False,False,changed_mind,2026-04-09,8,False,True
RET-00358,4633,506428,P08,2026-04-20,irritation_breakout,1,36.0,full,returnless_refund,0.0,False,False,irritation_breakout,2026-04-06,14,False,True
RET-00359,4746,506605,P06,2026-04-20,irritation_breakout,2,37.4,partial,returnless_refund,0.0,False,False,irritation_breakout,2026-04-13,7,False,True
RET-00360,4276,505826,P06,2026-04-21,not_as_expected,1,33.0,full,returnless_refund,0.0,False,False,not_as_expected,2026-03-17,35,False,True
RET-00361,4719,506564,P01,2026-04-21,irritation_breakout,1,19.8,full,returnless_refund,0.0,False,False,irritation_breakout,2026-04-11,10,False,True
RET-00362,4742,506599,P09,2026-04-22,no_visible_results,1,12.75,partial,returnless_refund,0.0,False,False,no_visible_results,2026-04-12,10,False,True
RET-00363,4729,506578,P03,2026-04-23,changed_mind,1,38.0,full,shipped_back,0.0,True,False,changed_mind,2026-04-11,12,False,True
RET-00364,4753,506619,P03,2026-04-25,damaged_leaked,1,34.2,full,returnless_refund,0.0,False,False,damaged_leaked,2026-04-13,12,False,True
RET-00365,4777,506660,P12,2026-04-25,irritation_breakout,1,88.0,full,returnless_refund,0.0,False,False,irritation_breakout,2026-04-15,10,False,True
RET-00366,4636,506433,P09,2026-04-26,no_visible_results,1,30.0,full,returnless_refund,0.0,False,False,no_visible_results,2026-04-06,20,False,True
RET-00367,4638,506437,P05,2026-04-26,changed_mind,1,14.5,partial,shipped_back,0.0,True,False,changed_mind,2026-04-06,20,False,True
RET-00368,4758,506627,P01,2026-04-26,not_as_expected,1,11.0,partial,returnless_refund,0.0,False,False,not_as_expected,2026-04-14,12,False,True
RET-00369,4448,506134,P03,2026-04-27,irritation_breakout,1,38.0,full,returnless_refund,0.0,False,False,irritation_breakout,2026-03-22,36,False,True
RET-00370,4803,506704,P04,2026-04-27,irritation_breakout,1,30.6,full,returnless_refund,0.0,False,False,irritation_breakout,2026-04-17,10,False,True
RET-00371,4518,506255,P12,2026-04-28,not_as_expected,1,74.8,full,returnless_refund,0.0,False,False,not_as_expected,2026-03-28,31,False,True
RET-00372,4704,506542,P03,2026-04-28,changed_mind,1,32.3,full,shipped_back,0.0,True,False,changed_mind,2026-04-10,18,False,True
RET-00373,4939,506919,P03,2026-04-28,not_as_expected,1,38.0,full,shipped_back,0.0,False,False,not_as_expected,2026-04-24,4,False,True
RET-00374,4750,506612,P09,2026-04-29,not_as_expected,1,25.5,full,returnless_refund,0.0,False,False,not_as_expected,2026-04-13,16,False,True
RET-00375,4770,506647,P10,2026-04-29,No Visible Results,1,22.1,full,returnless_refund,0.0,False,False,no_visible_results,2026-04-15,14,False,True
RET-00376,4976,506989,P09,2026-04-30,irritation_breakout,1,30.0,full,returnless_refund,0.0,False,False,irritation_breakout,2026-04-26,4,False,True
RET-00377,4371,505987,P09,2026-05-01,no_visible_results,1,27.0,full,returnless_refund,0.0,False,False,no_visible_results,2026-03-20,42,False,True
RET-00378,4584,506358,P03,2026-05-01,damaged_leaked,1,0.0,replacement,returnless_refund,0.0,False,True,damaged_leaked,2026-04-03,28,False,True
RET-00379,4848,506777,P03,2026-05-01,not_as_expected,1,38.0,full,returnless_refund,0.0,False,False,not_as_expected,2026-04-19,12,False,True
RET-00380,4952,506939,P06,2026-05-01,Changed Mind,1,37.4,full,returnless_refund,0.0,False,False,changed_mind,2026-04-25,6,False,True
RET-00381,4967,506968,P12,2026-05-03,not_as_expected,1,88.0,full,returnless_refund,0.0,False,False,not_as_expected,2026-04-26,7,False,True
RET-00382,4626,506417,P07,2026-05-04,no_visible_results,1,32.0,full,returnless_refund,0.0,False,False,no_visible_results,2026-04-05,29,False,True
RET-00383,4774,506653,P10,2026-05-04,not_as_expected,1,26.0,full,returnless_refund,0.0,False,False,not_as_expected,2026-04-15,19,False,True
RET-00384,4926,506890,P05,2026-05-06,no_visible_results,1,14.5,partial,returnless_refund,0.0,False,False,no_visible_results,2026-04-23,13,False,True
RET-00385,4801,506700,P08,2026-05-07,irritation_breakout,1,36.0,full,returnless_refund,0.0,False,False,irritation_breakout,2026-04-16,21,False,True
RET-00386,4948,506934,P09,2026-05-07,changed_mind,1,25.5,full,returnless_refund,0.0,False,False,changed_mind,2026-04-25,12,False,True
RET-00387,5042,507103,P07,2026-05-07,damaged_leaked,1,0.0,replacement,returnless_refund,0.0,False,True,damaged_leaked,2026-05-01,6,False,True
RET-00388,4856,506787,P03,2026-05-08,not_as_expected,1,32.3,full,returnless_refund,0.0,False,False,not_as_expected,2026-04-20,18,False,True
RET-00389,4913,506873,P03,2026-05-08,not_as_expected,1,38.0,full,returnless_refund,0.0,False,False,not_as_expected,2026-04-23,15,False,True
RET-00390,4970,506974,P06,2026-05-08,no_visible_results,1,18.7,partial,returnless_refund,0.0,False,False,no_visible_results,2026-04-26,12,False,True
RET-00391,4982,506997,P03,2026-05-08,changed_mind,1,38.0,full,shipped_back,0.0,False,False,changed_mind,2026-04-27,11,False,True
RET-00392,5033,507087,P06,2026-05-08,changed_mind,1,18.7,partial,returnless_refund,0.0,False,False,changed_mind,2026-05-01,7,False,True
RET-00393,4975,506984,P03,2026-05-09,Irritation Breakout,1,32.3,full,returnless_refund,0.0,False,False,irritation_breakout,2026-04-26,13,False,True
RET-00394,4898,506853,P06,2026-05-10,irritation_breakout,1,37.4,full,returnless_refund,0.0,False,False,irritation_breakout,2026-04-22,18,False,True
RET-00395,5118,507228,P03,2026-05-10,no_visible_results,1,32.3,full,returnless_refund,0.0,False,False,no_visible_results,2026-05-05,5,False,True
RET-00396,4969,506972,P04,2026-05-11,irritation_breakout,1,34.0,full,returnless_refund,0.0,False,False,irritation_breakout,2026-04-26,15,False,True
RET-00397,4820,506738,P12,2026-05-12,irritation_breakout,1,74.8,full,returnless_refund,0.0,False,False,irritation_breakout,2026-04-17,25,False,True
RET-00398,5122,507234,P06,2026-05-13,no_visible_results,1,37.4,full,returnless_refund,0.0,False,False,no_visible_results,2026-05-05,8,False,True
RET-00399,4943,506926,P12,2026-05-14,changed_mind,1,88.0,full,returnless_refund,0.0,False,False,changed_mind,2026-04-24,20,False,True
RET-00400,5187,507353,P11,2026-05-14,irritation_breakout,1,23.8,full,shipped_back,0.0,False,False,irritation_breakout,2026-05-09,5,False,True
RET-00401,4927,506892,P03,2026-05-15,changed_mind,1,32.3,full,returnless_refund,0.0,False,False,changed_mind,2026-04-23,22,False,True
RET-00402,5151,507286,P06,2026-05-16,irritation_breakout,1,18.7,partial,returnless_refund,0.0,False,False,irritation_breakout,2026-05-07,9,False,True
RET-00403,5221,507400,P07,2026-05-17,not_as_expected,1,16.0,partial,returnless_refund,0.0,False,False,not_as_expected,2026-05-10,7,False,True
RET-00404,5141,507266,P10,2026-05-19,not_as_expected,1,22.1,full,returnless_refund,0.0,False,False,not_as_expected,2026-05-06,13,False,True
RET-00405,5013,507047,P10,2026-05-21,not_as_expected,1,26.0,full,returnless_refund,0.0,False,False,not_as_expected,2026-04-29,22,False,True
RET-00406,4901,506858,P10,2026-05-24,not_as_expected,1,23.4,full,returnless_refund,0.0,False,False,not_as_expected,2026-04-22,32,False,True
RET-00407,5106,507207,P06,2026-05-24,irritation_breakout,1,37.4,full,returnless_refund,0.0,False,False,irritation_breakout,2026-05-05,19,False,True
RET-00408,5191,507357,P12,2026-05-24,irritation_breakout,1,74.8,full,returnless_refund,0.0,False,False,irritation_breakout,2026-05-09,15,False,True
RET-00409,5299,507538,P12,2026-05-24,irritation_breakout,1,79.2,full,returnless_refund,0.0,False,False,irritation_breakout,2026-05-15,9,False,True
RET-00410,5129,507249,P06,2026-05-26,not_as_expected,1,37.4,full,returnless_refund,0.0,False,False,not_as_expected,2026-05-06,20,False,True
RET-00411,5270,507491,P09,2026-05-26,no_visible_results,1,30.0,full,returnless_refund,0.0,False,False,no_visible_results,2026-05-13,13,False,True
RET-00412,5309,507562,P12,2026-05-26,no_visible_results,1,88.0,full,returnless_refund,0.0,False,False,no_visible_results,2026-05-16,10,False,True
RET-00413,5045,507109,P10,2026-05-27,not_as_expected,1,22.88,full,returnless_refund,0.0,False,False,not_as_expected,2026-05-02,25,False,True
RET-00414,5257,507463,P06,2026-05-27,irritation_breakout,1,18.7,partial,returnless_refund,0.0,False,False,irritation_breakout,2026-05-13,14,False,True
RET-00415,5347,507620,P12,2026-05-27,not_as_expected,1,44.0,partial,returnless_refund,0.0,False,False,not_as_expected,2026-05-18,9,False,True
RET-00416,5242,507436,P09,2026-05-28,changed_mind,1,12.75,partial,shipped_back,0.0,True,False,changed_mind,2026-05-12,16,False,True
RET-00417,5349,507622,P06,2026-05-29,irritation_breakout,1,44.0,full,returnless_refund,0.0,False,False,irritation_breakout,2026-05-18,11,False,True
RET-00418,5079,507161,P08,2026-05-30,no_visible_results,1,36.0,full,returnless_refund,0.0,False,False,no_visible_results,2026-05-03,27,False,True
RET-00419,5381,507677,P04,2026-05-30,wrong_item,1,15.3,partial,shipped_back,5.31,True,False,wrong_item,2026-05-21,9,False,True
RET-00420,5001,507028,P04,2026-06-01,irritation_breakout,1,34.0,full,returnless_refund,0.0,False,False,irritation_breakout,2026-04-28,34,False,True
RET-00421,5220,507398,P09,2026-06-01,no_visible_results,1,25.5,full,returnless_refund,0.0,False,False,no_visible_results,2026-05-10,22,False,True
RET-00422,5060,507133,P03,2026-06-02,changed_mind,1,32.3,full,shipped_back,0.0,False,False,changed_mind,2026-05-02,31,False,True
RET-00423,5308,507558,P07,2026-06-03,changed_mind,1,32.0,full,returnless_refund,0.0,False,False,changed_mind,2026-05-16,18,False,True
RET-00424,5446,507781,P04,2026-06-03,not_as_expected,1,34.0,full,returnless_refund,0.0,False,False,not_as_expected,2026-05-25,9,False,True
RET-00425,5432,507759,P06,2026-06-04,changed_mind,1,37.4,full,returnless_refund,0.0,False,False,changed_mind,2026-05-24,11,False,True
RET-00426,5491,507855,P06,2026-06-04,irritation_breakout,1,44.0,full,shipped_back,0.0,False,False,irritation_breakout,2026-05-28,7,False,True
RET-00427,5532,507920,P02,2026-06-05,Changed Mind,1,24.0,full,shipped_back,0.0,False,False,changed_mind,2026-05-30,6,False,True
RET-00428,5210,507383,P12,2026-06-06,not_as_expected,1,74.8,full,returnless_refund,0.0,False,False,not_as_expected,2026-05-10,27,False,True
RET-00429,5458,507797,P05,2026-06-09,damaged_leaked,1,0.0,replacement,returnless_refund,0.0,False,True,damaged_leaked,2026-05-26,14,False,True
RET-00430,5388,507686,P02,2026-06-10,not_as_expected,1,12.0,partial,returnless_refund,0.0,False,False,not_as_expected,2026-05-22,19,False,True
RET-00431,5364,507646,P03,2026-06-11,damaged_leaked,1,0.0,replacement,returnless_refund,0.0,False,True,damaged_leaked,2026-05-19,23,False,True
RET-00432,5546,507947,P04,2026-06-11,changed_mind,1,34.0,full,shipped_back,0.0,False,False,changed_mind,2026-05-31,11,False,True
RET-00433,5635,508102,P12,2026-06-11,no_visible_results,1,74.8,full,returnless_refund,0.0,False,False,no_visible_results,2026-06-06,5,False,True
RET-00434,5529,507915,P05,2026-06-13,not_as_expected,1,29.0,full,returnless_refund,0.0,False,False,not_as_expected,2026-05-30,14,False,True
RET-00435,5538,507930,P12,2026-05-28,not_as_expected,1,74.8,full,returnless_refund,0.0,False,False,not_as_expected,2026-05-31,-3,True,True
RET-00436,5613,508056,P02,2026-06-13,Not As Expected,1,21.6,full,shipped_back,0.0,False,False,not_as_expected,2026-06-05,8,False,True
RET-00437,5110,507212,P09,2026-06-14,no_visible_results,1,30.0,full,returnless_refund,0.0,False,False,no_visible_results,2026-05-05,40,False,True
RET-00438,5372,507663,P05,2026-06-14,no_visible_results,1,14.5,partial,returnless_refund,0.0,False,False,no_visible_results,2026-05-20,25,False,True
RET-00439,5475,507827,P12,2026-06-15,no_visible_results,1,88.0,full,returnless_refund,0.0,False,False,no_visible_results,2026-05-27,19,False,True
RET-00440,5582,508005,P09,2026-06-15,no_visible_results,1,27.0,full,returnless_refund,0.0,False,False,no_visible_results,2026-06-03,12,False,True
RET-00441,5592,508020,P05,2026-06-15,no_visible_results,1,29.0,full,returnless_refund,0.0,False,False,no_visible_results,2026-06-04,11,False,True
RET-00442,5636,508104,P10,2026-06-15,changed_mind,1,26.0,full,returnless_refund,0.0,False,False,changed_mind,2026-06-06,9,False,True
RET-00443,5535,507926,P12,2026-06-16,no_visible_results,1,74.8,full,shipped_back,0.0,False,False,no_visible_results,2026-05-30,17,False,True
RET-00444,5552,507955,P12,2026-06-16,damaged_leaked,1,88.0,full,returnless_refund,0.0,False,False,damaged_leaked,2026-06-01,15,False,True
RET-00445,5476,507828,P05,2026-06-17,damaged_leaked,1,0.0,replacement,returnless_refund,0.0,False,True,damaged_leaked,2026-05-27,21,False,True
RET-00446,5482,507840,P12,2026-06-17,changed_mind,1,88.0,full,returnless_refund,0.0,False,False,changed_mind,2026-05-27,21,False,True
RET-00447,5528,507913,P05,2026-06-18,damaged_leaked,1,24.65,full,returnless_refund,0.0,False,False,damaged_leaked,2026-05-30,19,False,True
RET-00448,5688,508187,P11,2026-06-18,damaged_leaked,1,0.0,replacement,returnless_refund,0.0,False,True,damaged_leaked,2026-06-10,8,False,True
RET-00449,5722,508235,P10,2026-06-18,damaged_leaked,1,23.4,full,returnless_refund,0.0,False,False,damaged_leaked,2026-06-11,7,False,True
RET-00450,5784,508336,P06,2026-06-18,irritation_breakout,1,44.0,full,returnless_refund,0.0,False,False,irritation_breakout,2026-06-15,3,False,True
RET-00451,5665,508152,P12,2026-06-19,irritation_breakout,1,88.0,full,returnless_refund,0.0,False,False,irritation_breakout,2026-06-08,11,False,True
RET-00452,5635,508103,P10,2026-06-21,no_visible_results,1,22.1,full,shipped_back,0.0,False,False,no_visible_results,2026-06-06,15,False,True
RET-00453,5680,508177,P06,2026-06-21,changed_mind,1,31.79,full,shipped_back,0.0,True,False,changed_mind,2026-06-09,12,False,True
RET-00454,5481,507839,P07,2026-06-22,not_as_expected,1,27.2,full,shipped_back,0.0,False,False,not_as_expected,2026-05-27,26,False,True
RET-00455,5765,508306,P09,2026-06-23,no_visible_results,1,15.0,partial,returnless_refund,0.0,False,False,no_visible_results,2026-06-13,10,False,True
RET-00456,5485,507844,P01,2026-06-24,not_as_expected,1,9.35,partial,returnless_refund,0.0,False,False,not_as_expected,2026-05-27,28,False,True
RET-00457,5653,508134,P06,2026-06-24,irritation_breakout,1,37.4,full,returnless_refund,0.0,False,False,irritation_breakout,2026-06-07,17,False,True
RET-00458,5669,508158,P08,2026-06-24,irritation_breakout,1,30.6,full,returnless_refund,0.0,False,False,irritation_breakout,2026-06-08,16,False,True
RET-00459,5782,508332,P09,2026-06-24,no_visible_results,1,15.0,partial,shipped_back,0.0,False,False,no_visible_results,2026-06-14,10,False,True
RET-00460,5694,508195,P03,2026-06-25,not_as_expected,1,38.0,full,returnless_refund,0.0,False,False,not_as_expected,2026-06-10,15,False,True
RET-00461,5754,508284,P07,2026-06-25,not_as_expected,1,32.0,full,returnless_refund,0.0,False,False,not_as_expected,2026-06-13,12,False,True
RET-00462,5826,508410,P03,2026-06-26,irritation_breakout,1,16.15,partial,returnless_refund,0.0,False,False,irritation_breakout,2026-06-17,9,False,True
RET-00463,5509,507888,P01,2026-06-27,Irritation Breakout,1,11.0,partial,returnless_refund,0.0,False,False,irritation_breakout,2026-05-29,29,False,True
RET-00464,5744,508266,P06,2026-06-27,irritation_breakout,1,44.0,full,shipped_back,0.0,False,False,irritation_breakout,2026-06-12,15,False,True
RET-00465,5825,508408,P04,2026-06-27,irritation_breakout,1,30.6,full,returnless_refund,0.0,False,False,irritation_breakout,2026-06-17,10,False,True
RET-00466,5792,508354,P12,2026-06-28,damaged_leaked,1,0.0,replacement,returnless_refund,0.0,False,True,damaged_leaked,2026-06-15,13,False,True
RET-00467,5614,508058,P05,2026-06-29,no_visible_results,1,26.1,full,returnless_refund,0.0,False,False,no_visible_results,2026-06-05,24,False,True
RET-00468,5596,508026,P07,2026-06-30,Changed Mind,1,27.2,full,returnless_refund,0.0,False,False,changed_mind,2026-06-04,26,False,True
RET-00469,5799,508363,P03,2026-06-30,irritation_breakout,1,32.3,full,shipped_back,0.0,False,False,irritation_breakout,2026-06-15,15,False,True
