month,channel,spend,impressions,clicks,platform_reported_orders,platform_reported_revenue
2025-07-01,Meta Ads,1878.41,133432,1436,99,5999.79
2025-07-01,Google Ads,614.84,22911,1103,49,2417.09
2025-07-01,TikTok Ads,509.52,57369,521,11,707.98
2025-07-01,Influencer,806.26,132891,768,29,1730.43
2025-08-01,Meta Ads,2059.32,134648,1369,94,5791.96
2025-08-01,Google Ads,487.53,17405,832,39,2241.4
2025-08-01,TikTok Ads,442.95,48514,374,12,744.41
2025-08-01,Influencer,804.28,121840,684,38,2043.59
2025-09-01,Meta Ads,2253.5,165329,1569,120,7709.73
2025-09-01,Google Ads,757.9,28293,1192,58,3548.22
2025-09-01,TikTok Ads,536.18,58996,475,12,1021.48
2025-09-01,Influencer,1010.6,175117,1058,39,2257.51
2025-10-01,Meta Ads,3114.98,234842,2430,136,7984.27
2025-10-01,Google Ads,710.67,25045,1271,50,3001.71
2025-10-01,TikTok Ads,667.58,72513,556,20,1221.6
2025-10-01,Influencer,1044.5,180998,987,46,2711.22
2025-11-01,Meta Ads,5756.93,374340,4437,214,15885.29
2025-11-01,Google Ads,1492.07,48960,1988,95,7081.25
2025-11-01,TikTok Ads,2251.73,261190,1846,37,2725.44
2025-11-01,Influencer,1532.9,264484,1513,60,5089.99
2025-12-01,Meta Ads,2157.88,148450,1481,107,6961.98
2025-12-01,Google Ads,704.8,22329,1055,51,3642.77
2025-12-01,TikTok Ads,1204.17,143990,1110,29,1563.01
2025-12-01,Influencer,1203.51,204823,1274,47,3027.41
2026-01-01,Meta Ads,2982.74,198470,2131,111,6878.46
2026-01-01,Google Ads,512.16,16523,746,38,2324.35
2026-01-01,TikTok Ads,1047.42,118372,899,27,1603.93
2026-01-01,Influencer,510.69,80802,566,25,2199.38
2026-02-01,Meta Ads,3217.52,247389,3138,98,5749.7
2026-02-01,Google Ads,966.21,35108,1584,49,3324.92
2026-02-01,TikTok Ads,885.64,100005,914,30,2103.16
2026-02-01,Influencer,714.86,120624,618,32,2014.89
2026-03-01,Meta Ads,3377.71,234850,2651,151,10704.39
2026-03-01,Google Ads,1242.72,38333,1765,72,5088.72
2026-03-01,TikTok Ads,2096.5,200353,1330,53,3443.02
2026-03-01,Influencer,1291.54,213557,1067,55,4233.68
2026-04-01,Meta Ads,3869.98,271176,2999,136,8477.65
2026-04-01,Google Ads,1371.74,49534,2199,79,4756.95
2026-04-01,TikTok Ads,1490.03,166344,1177,40,2472.69
2026-04-01,Influencer,913.99,144906,873,38,2140.84
2026-05-01,Meta Ads,4014.89,299720,3019,142,8581.77
2026-05-01,Google Ads,955.62,31834,1535,66,4070.88
2026-05-01,TikTok Ads,2019.85,237256,1998,49,3405.02
2026-05-01,Influencer,1079.16,175468,1105,48,2894.47
2026-06-01,Meta Ads,3569.14,223800,2429,139,8957.08
2026-06-01,Google Ads,1285.26,46491,1703,72,4955.39
2026-06-01,TikTok Ads,1502.14,156848,1248,40,2227.68
2026-06-01,Influencer,1097.96,186242,1047,54,3479.62
