code_clean,rows,months,first_m,last_m,pct,amt,family
AMELIA10,75,12,2025-07,2026-06,0.1,447.0,creator_or_other
BFCM30,412,2,2025-11,2025-12,0.3,9952.5,event
DERMDIARY10,29,11,2025-08,2026-06,0.1,195.0,creator_or_other
GLOWWITHSAM12,45,12,2025-07,2026-06,0.12,367.44,creator_or_other
HOLIDAY15,103,1,2025-12,2025-12,0.15,1058.4,event
LABORDAY15,24,2,2025-08,2025-09,0.15,196.65,event
LOYAL10,305,11,2025-08,2026-06,0.1,2120.6,loyalty
MOMS15,63,1,2026-05,2026-05,0.15,629.1,event
NEWYEAR20,65,1,2026-01,2026-01,0.2,882.6,event
NOURISHED15,28,11,2025-07,2026-06,0.15,329.85,creator_or_other
SKINBYJORDAN15,59,11,2025-07,2026-06,0.15,571.8,creator_or_other
SPRING25,141,1,2026-03,2026-03,0.25,2796.0,event
SUMMER20,185,2,2025-07,2025-08,0.2,2056.0,event
WELCOME15,1176,12,2025-07,2026-06,0.15,10820.95,welcome
