cell,n_disc,n_nocode,ok,gross_disc,gross_no,cpo_disc,cpo_no,margin_disc,margin_no,depth_disc
first|u1|set0,964,764,True,31.61,31.7736,13.7154,20.1732,0.5645,0.6599,0.1767
first|u1|set1,113,55,True,85.3805,86.4727,25.6001,41.8142,0.4255,0.5324,0.1961
first|u2|set0,522,410,True,63.2356,64.222,25.2677,36.4419,0.5238,0.5903,0.1915
first|u2|set1,120,72,True,117.4167,117.7917,34.6465,66.154,0.431,0.5878,0.2181
first|u3+|set0,346,251,True,111.3237,108.6693,42.7205,63.6085,0.5097,0.6057,0.1971
first|u3+|set1,119,53,True,164.5462,163.9057,61.0017,95.0304,0.5023,0.6151,0.2223
repeat|u1|set0,162,249,True,32.1358,31.747,16.4346,20.4898,0.6102,0.655,0.1334
repeat|u1|set1,12,20,False,86.3333,85.8,28.0075,37.97,0.4472,0.5063,0.1293
repeat|u2|set0,126,225,True,62.0238,62.9111,27.0486,36.3367,0.5353,0.5914,0.1373
repeat|u2|set1,11,25,False,119.2727,118.44,49.17,69.5664,0.5272,0.6066,0.1
repeat|u3+|set0,88,189,True,114.1591,112.1164,54.5178,67.1205,0.5612,0.6168,0.126
repeat|u3+|set1,22,44,False,164.0909,170.2045,81.8041,102.4643,0.5803,0.6266,0.1409
