product_id,name,units,lines,gross,discounts,refunds,ret_units,net_rev,cogs_net,ship_alloc,fee_alloc,shiprev,ret_ship,contribution,disc_rate,refund_rate_value,unit_return_rate,margin,contrib_per_unit,share_net_rev,share_contrib,rank_rev,rank_contrib,avg_list_price,cogs_per_unit,rank_contrib_alt,margin_alt
P01,Gentle Gel Cleanser 150ml,1036,937,22792.0,2145.89,389.84,24.0,20256.27,4977.6,4890.9747,908.0133,2422.0912,0.0,11901.7732,0.0942,0.0189,0.0232,0.5876,11.4882,0.0715,0.0739,7.0,7.0,22.0,4.8046,7.0,0.5419
P02,Foaming Cream Cleanser 150ml,563,508,13512.0,1097.16,213.6,10.0,12201.24,3029.4,2679.7117,524.0662,1242.9589,13.5,7197.521,0.0812,0.0172,0.0178,0.5899,12.7842,0.043,0.0447,9.0,9.0,24.0,5.3808,9.0,0.5544
P03,Vitamin C Brightening Serum 30ml,1621,1462,58342.0,5312.18,2386.93,85.0,50642.89,13770.0,8861.1275,2138.4847,3760.7421,44.56,29589.46,0.0911,0.045,0.0524,0.5843,18.2538,0.1786,0.1838,1.0,1.0,35.9914,8.4948,1.0,0.5854
P04,Hyaluronic Hydration Serum 30ml,1084,971,36856.0,3447.78,872.1,31.0,32536.12,7776.0,5551.1225,1358.922,2337.9549,11.88,20176.1505,0.0935,0.0261,0.0286,0.6201,18.6127,0.1148,0.1253,3.0,3.0,34.0,7.1734,3.0,0.6177
P05,Niacinamide 10% Serum 30ml,841,758,24389.0,2180.78,772.12,38.0,21436.1,4956.0,4040.8566,918.0913,1772.026,14.42,13278.7581,0.0894,0.0348,0.0452,0.6195,15.7892,0.0756,0.0825,6.0,6.0,29.0,5.893,6.0,0.605
P06,Retinol Night Cream 0.3% 50ml,787,694,34628.0,3473.76,3221.79,96.0,27932.45,8253.0,4488.0258,1202.6802,1445.0247,27.15,15406.6187,0.1003,0.1034,0.122,0.5516,19.5764,0.0985,0.0957,4.0,4.0,44.0,10.4867,4.0,0.5658
P07,Daily Moisturizer SPF 30 50ml,957,862,30624.0,2873.6,1087.2,41.0,26663.2,7449.0,4757.8846,1118.0552,1839.671,7.71,15170.2212,0.0938,0.0392,0.0428,0.569,15.8519,0.0941,0.0942,5.0,5.0,32.0,7.7837,5.0,0.5625
P08,Barrier Repair Cream 50ml,518,462,18648.0,1671.93,480.6,16.0,16495.47,4144.0,2837.4972,663.8835,1059.1741,13.9,9895.3634,0.0897,0.0283,0.0309,0.5999,19.103,0.0582,0.0615,8.0,8.0,36.0,8.0,8.0,0.6009
P09,Peptide Eye Cream 15ml,329,289,9870.0,969.47,513.75,24.0,8386.78,2467.5,1564.9757,364.4955,675.8804,0.0,4665.6892,0.0982,0.0577,0.0729,0.5563,14.1814,0.0296,0.029,12.0,11.0,30.0,7.5,11.0,0.5441
P10,Purifying Clay Mask 100ml,473,443,12298.0,1244.8,671.2,33.0,10382.0,2826.0,2576.8704,473.561,1124.8159,0.0,5630.3844,0.1012,0.0607,0.0698,0.5423,11.9036,0.0366,0.035,11.0,10.0,26.0,5.9746,10.0,0.5155
P11,Body Lotion 400ml,426,383,11928.0,1128.53,308.0,20.0,10491.47,3672.0,2795.4224,461.8066,1047.1254,21.12,4588.2464,0.0946,0.0285,0.0469,0.4373,10.7705,0.037,0.0285,10.0,12.0,28.0,8.6197,12.0,0.4191
P12,Complete Routine Set (Cleanser + Vitamin C + Moisturizer),666,666,57176.0,6878.01,4237.24,62.0,46060.75,14010.4,6780.7911,1818.6106,341.5855,34.36,23758.1738,0.1203,0.0842,0.0931,0.5158,35.6729,0.1625,0.1476,2.0,2.0,85.8498,21.0366,2.0,0.5597
P13,Gift sachet (free gift),277,277,0.0,0.0,0.0,0.0,0.0,277.0,0.0,0.0,0.0,0.0,-277.0,,,,,-1.0,0.0,-0.0017,13.0,13.0,0.0,1.0,13.0,
